filename                                            ;assembly_length ;number_of_sequences ;average_length      ;largest_contig ;shortest_contig ;N50      ;GC_percentage      ;total_N ;N_percentage
"GCA_024699875_Aphelenchoides-besseyi_APVT.fna"     ;       44715554 ;                 28 ;1596984.0714285714  ;      17135672 ;           1069 ;16939329 ;42.28617183184178  ;  23999 ;0.05367036266619888
"GCA_029619545_Aphelenchoides-besseyi_.fna"         ;       50288344 ;                166 ; 302941.8313253012  ;       9173791 ;            606 ; 1262149 ;42.1618317755701   ;      0 ;0
"GCA_024699845_Aphelenchoides-bicaudatus_Fsh.fna"   ;       46428382 ;                106 ; 438003.6037735849  ;      12153480 ;            393 ;11905581 ;38.868005350692606 ;      0 ;0
"GCA_024699835_Aphelenchoides-besseyi_AORJ.fna"     ;       46759715 ;                 32 ;1461241.09375       ;      18100598 ;            214 ;16068654 ;41.776255479743625 ;   2900 ;0.006201919750794033
"GCA_024699915_Aphelenchoides-besseyi_APFT.fna"     ;       44700143 ;                 80 ; 558751.7875        ;      11439185 ;            644 ; 2203724 ;42.331884710078    ;      0 ;0
"GCA_024699865_Aphelenchoides-fujianensis_Dali.fna" ;      143834322 ;                780 ; 184402.97692307693 ;       4270062 ;            230 ;  553027 ;58.13037099726448  ;   2465 ;0.0017137773277785535
"GCA_024699855_Aphelenchoides-besseyi_AORT.fna"     ;       47428222 ;                 39 ;1216108.2564102565  ;      18143627 ;           1112 ;17779264 ;42.12876038237317  ;   7727 ;0.016291987500606706
"GCA_030248265_Aphelenchoides-besseyi_APTV.fna"     ;       44753500 ;                 97 ; 461376.2886597938  ;       3273687 ;           1011 ; 1854938 ;42.334758175338244 ;     23 ;0.00005139262850950205
